organization_id,organization_name,nl_location,activities,delivery_staffing_evidence,irata_evidence,public_contact_application,evidence_url,status,checked_date,organization_type,nl_connection,evidence_quality,related_organizations
NL-ORG-0001,Adrison BV,Eindhoven,Staffing agency,Confirmed staffing; project execution unclear,IRATA I–III personnel stated,info@adrison.com,https://www.adrison.com/en,Current website statement; vacancies unverified,2026-10-04,Agency,Dutch organization / service presence,Primary company page,
NL-ORG-0002,Rope Access Noord,Groningen,Rope access; training; wind services,Advertised services; freelancer and permanent routes,IRATA registration required,https://ropeaccessnoord.nl/work-with-us/,https://ropeaccessnoord.nl/work-with-us/,Current recruitment route; L1 acceptance unverified,2026-10-04,Contractor / service provider,Dutch organization / service presence,Primary company page,
NL-ORG-0003,Mundo Steigers International,Spijkenisse,Scaffolding; rope access via SHS partnership,Own RA team/employment unclear; partner SHS supplies team,IRATA system referenced; membership unverified,info@mundo-steigers.nl,https://www.mundo-steigers.nl/en/rope-access/,Current advertised service; partnership verified,2026-10-04,Contractor / service provider,Dutch organization / service presence,Primary company page,
NL-ORG-0004,SHS – Special Height Service,Spijkenisse,Rope access contractor,Own specialist team advertised,IRATA-trained technicians stated; membership unverified,info@shs-ropeaccess.com,https://nl.shs-ropeaccess.com/,Current advertised service; hiring unverified,2026-10-04,Contractor / service provider,Dutch organization / service presence,Primary company page,
NL-ORG-0005,Mennens Nederland,Vlaardingen (Rotterdam branch),Lifting/rigging supplier and rope access contractor,Explicitly states own execution and specialist teams,Operational specialists typically IRATA levels 1–3,https://vacatures.mennens.nl/,https://www.mennens.nl/en/services/specials/rope-acces,Services confirmed; current RA vacancy unverified,2026-10-04,Contractor / service provider,Dutch organization / service presence,Primary company page,
NL-ORG-0006,MME Group,Ridderkerk,Inspection/NDT; rope access; maintenance; lifting/rescue,In-house pool of more than 50 technicians/supervisors stated,IRATA-certified in-house personnel stated,info@mme-group.com,https://www.mme-group.com/nl/rope-access/,Services confirmed; hiring unverified,2026-10-04,Contractor / service provider,Dutch organization / service presence,Primary company page,
NL-ORG-0007,Turris,Garderen,Telecom/offshore contractor with rope access,Dedicated RA service and installation project advertised,Unknown in reviewed page,info@turris.nl,https://www.turris.nl/diensten,Services confirmed; employment arrangements unknown,2026-10-04,Contractor / service provider,Dutch organization / service presence,Primary company page,
NL-ORG-0008,Scart BV,Netherlands; town needs verification,Rope access; wind/offshore maintenance; events,Experienced team performing projects described,IRATA standard stated; company membership unverified,https://www.scartbv.nl/access,https://www.scartbv.nl/access,Services confirmed; hiring unverified,2026-10-04,Contractor / service provider,Dutch organization / service presence,Primary company page,
NL-ORG-0009,Rope Access Rotterdam,Netherlands; base address needs verification,Rope access; rigging/lifting; maintenance; welding; NDT,Technician team and industrial services advertised,IRATA-certified technicians stated,https://www.ropeaccessrotterdam.com/nl/,https://www.ropeaccessrotterdam.com/nl/,Services confirmed; hiring unverified,2026-10-04,Contractor / service provider,Dutch organization / service presence,Primary company page,
NL-ORG-0010,Sky Lines BV,Schiedam,Industrial rope access; installation; metalwork; lifting,Own technicians described,IRATA technicians stated; membership unverified,info@sky-lines.nl,https://sky-lines.nl/rope-access-company,Services and technician enquiries confirmed; specific vacancy unverified,2026-10-04,Contractor / service provider,Dutch organization / service presence,Primary company page,alpineskyline.com is an alternate site/brand
NL-ORG-0011,Life Line Solutions,Netherlands; town needs verification,Rope access; rigging; fall protection,Execution of maintenance/installation using ropes advertised,IRATA guidelines stated; membership unverified,info@lifelinesolutions.eu,https://lifelinesolutions.nl/service/rope-acces/,Services confirmed; hiring unverified,2026-10-04,Contractor / service provider,Dutch organization / service presence,Primary company page,
NL-ORG-0012,Climbing Solutions,Netherlands; town needs verification,Industrial rope access; rescue; training,Deploys personnel/material with level 3 supervisor,IRATA methodology stated; membership unverified,info@climbingsolutions.nl,https://climbingsolutions.nl/industrieel-klimmen/,Services confirmed; hiring unverified,2026-10-04,Contractor / service provider,Dutch organization / service presence,Primary company page,
NL-ORG-0013,Access-Specialist,Emmen,Breathing/safety equipment services and rope access,Practical on-site RA execution advertised,Not established in reviewed page,https://access-specialist.nl/diensten/,https://access-specialist.nl/rope-access-werkzaamheden/,Services advertised; team/hiring require investigation,2026-10-04,Contractor / service provider,Dutch organization / service presence,Primary company page,
NL-ORG-0014,Access Climbing Solutions,Netherlands; town needs verification,Industrial rope access; inspections/coatings/installation,Service pages describe rope access delivery,Official indexed site claims IRATA experience since 2006; certification status unverified,https://accessclimbing.com/services/,https://accessclimbing.com/services/,Service page retrieved once; repeated retrieval failed; retain for follow-up,2026-10-04,Contractor / service provider,Dutch organization / service presence,Indexed primary page; direct retrieval unreliable,
NL-ORG-0015,Rope Access Plus,Bergschenhoek,Rope access; property/industrial maintenance; training,Delivery using personnel/network and partnerships,Minimum two IRATA personnel including level 3 stated,https://www.ropeaccessplus.com/operationeel/,https://www.ropeaccessplus.com/operationeel/,Services confirmed; hiring model unverified,2026-10-04,Contractor / service provider,Dutch organization / service presence,Primary company page,
NL-ORG-0016,WIKO,Rotterdam,Scaffolding/insulation contractor with rope access,RA offered through scaffolding department,Not established in reviewed service page,https://www.wiko.nl/diensten/rope-access/,https://www.wiko.nl/diensten/rope-access/,Services confirmed; hiring unverified,2026-10-04,Contractor / service provider,Dutch organization / service presence,Primary company page,
NL-ORG-0017,Brand Energy & Infrastructure Services,Capelle aan den IJssel,Rope access; offshore maintenance; coating; welding; NDT,Own supervisors and technicians described,IRATA personnel and company membership claimed; register not independently checked,nl@beis.com,https://www.beis.com/nl/rope-access,Services confirmed; hiring unverified,2026-10-04,Industrial contractor,Dutch organization / service presence,Primary company page,
NL-ORG-0018,Jenz Offshore,Susteren,Offshore rope access staffing; painting; insulation; scaffolding,Supplies personnel and accepts open applications,Not established on reviewed page,planning@jenz.nl,https://jenz.nl/over-jenz/jenz-offshore,Staffing confirmed; current RA openings unverified,2026-10-04,Agency,Dutch organization / service presence,Primary company page,
NL-ORG-0019,Fender Personeelsbemiddeling BV,Ridderkerk,Rope access technicians and supervisors; project personnel,Recruitment and workforce supply explicitly described,IRATA personnel advertised; membership unverified,info@fenderbv.nl,https://fenderbv.com/i-want-work/,Staffing confirmed; role requirements vary,2026-10-04,Agency,Dutch organization / service presence,Primary company page,
NL-ORG-0020,ATI Abseiltechnieken,Netherlands; town not verified,Industrial maintenance; painting; inspection; rescue,Own certified personnel and execution advertised,IRATA technician and member-company claims; register not independently checked,info@abseiltechnieken.nl,https://www.abseiltechnieken.nl/,ATI Rope Access is an alias; hiring unverified,2026-10-04,Contractor,Dutch organization / service presence,Primary company page,ati-ropeaccess.nl alternate domain
NL-ORG-0021,High Work Solutions,Dordrecht,Industrial/offshore rope access; maintenance; construction,Own technicians and founders described,IRATA technicians and level 3 founders stated,info@highworksolutions.com,https://highworksolutions.com/over-ons/,Services confirmed; hiring unverified,2026-10-04,Contractor,Dutch organization / service presence,Primary company page,
NL-ORG-0022,Ropacs,Berg en Terblijt,Inspection; maintenance; offshore; confined-space rescue,Rope access project execution advertised,IRATA-certified technicians stated,info@ropacs.nl,https://ropacs.com/diensten/rope-access/,Contact and location confirmed separately; hiring unverified,2026-10-04,Contractor,Dutch organization / service presence,Primary company page,
NL-ORG-0023,ALTRAD Services Benelux,Netherlands; Drachten recruitment evidenced,Rope access; welding; coating; insulation; rigging,Own multidisciplinary technicians advertised,IRATA-certified personnel and membership claimed; register not independently checked,https://bnlaltradservices.recruitee.com/,https://bnl.altradservices.com/en/rope-access.html,Dutch recruitment evidence; vacancy availability unverified,2026-10-04,Industrial contractor,Dutch organization / service presence,Primary company page,
NL-ORG-0024,Sky-Access BV / Sky-Wind,Roosendaal; Geleen,Mechanical/electrical work; welding; NDT; wind blades,Own specialist rope access services described,IRATA company claim; register not independently checked,info@sky-access.com,https://sky-access.com/skyaccess/,Sky-Wind included as brand; LSB partnership recorded,2026-10-04,Contractor,Dutch organization / service presence,Primary company page,Sky-Wind brand; partnership with LSB Groep
NL-ORG-0025,LSB Groep,Geleen,Rope access; NDT; installation; painting,Advertises project execution; partnership with Sky-Access,IRATA standards referenced; membership unverified,info@lsb-groep.com,https://lsb-groep.com/rope-acces/,Distinct named business; shared operation/address with Sky-Access,2026-10-04,Industrial contractor,Dutch organization / service presence,Primary company page,Sky-Access partnership; do not assume independent operating team
NL-ORG-0026,Sil-ex BV,Netherlands; town not verified,Industrial rope access; inspection; maintenance; installation,Project execution advertised,Not established in reviewed page,info@sil-ex.nl,https://sil-ex.nl/,Services confirmed; hiring unverified,2026-10-04,Industrial contractor,Dutch organization / service presence,Primary company page,
NL-ORG-0027,vandesky BV,Eindhoven visitor address; Rosmalen postal address,Industrial rope access; work at height,Rope access contractor services advertised,IRATA membership logo; register not independently checked,info@vandesky.com,https://www.vandesky.com/,Services confirmed; hiring unverified,2026-10-04,Contractor,Dutch organization / service presence,Primary company page,
NL-ORG-0028,BUILLT Services,Eindhoven; Rotterdam; Amsterdam offices stated,Rope access; insulation; scaffolding; mechanical/E&I,Special services describes climbers performing work,IRATA service advertised; membership unverified,https://buillt.nl/,https://buillt.nl/special-services/,Services confirmed; hiring unverified,2026-10-04,Industrial contractor,Dutch organization / service presence,Primary company page,
NL-ORG-0029,Applus+ RTD Netherlands,Netherlands; office town not verified,Rope access; NDT/inspection; maintenance; rigging,Dutch service page advertises access and inspection delivery,Corporate IRATA involvement stated; Dutch membership unverified,https://www.applus.com/nl/nl/contact-us/offices-country,https://www.applus.com/nl/nl/what-we-do/service-sheet/radiografisch-onderzoek-niveau-1-,NL service offering confirmed; local team/office details need follow-up,2026-10-04,Inspection contractor,Dutch organization / service presence,Primary company page,
NL-ORG-0030,Conbit,Eindhoven,Rope access; specialist lifting; rigging; mechanical maintenance,Own rope access personnel and project delivery described,IRATA crew and full membership claimed; register not independently checked,info@conbit.eu,https://www.conbit.eu/about,Services confirmed; hiring unverified,2026-10-04,Industrial contractor,Dutch organization / service presence,Primary company page,
NL-ORG-0031,ProPakt,Netherlands; town not verified,Rope access recruitment; project personnel; freelance support,Personnel supply and freelance/payroll routes advertised,Not established in reviewed page,contact@ProPakt.com,https://propakt.com/,Dutch RA project availability unverified,2026-10-04,Agency / freelance platform,Dutch organization / service presence,Primary company page,
NL-ORG-0032,Totalis / Total Industrial Support BV,Susteren; Terneuzen operations,Rope access; coating; NDT; insulation; mechanical work,Multidisciplinary project delivery described,IRATA methodology referenced; membership unverified,info@totalis.nl,https://totalis.nl/multidisciplinaire-dienstverlening-2/rope-access/,Historical recruitment is not a current-vacancy claim,2026-10-04,Industrial contractor,Dutch organization / service presence,Primary company page,
NL-ORG-0033,Eurosafe,Zwolle; Dordrecht; Zevenbergen,Rope access; installation; maintenance; safety systems,Dedicated operational team and employee career route,IRATA training route described; membership unverified,https://www.werkenbijeurosafe.nl/afdelingen/rope-access,https://www.werkenbijeurosafe.nl/afdelingen/rope-access,Training access does not guarantee employment; R3B aliases need legal follow-up,2026-10-04,Contractor / training,Dutch organization / service presence,Primary company page,Rope Access Benelux/R3B possible aliases; legal identity follow-up
NL-ORG-0034,Insight Access,Netherlands; town not verified,Inspection; maintenance; confined-space work; rescue,Own rope access services advertised,IRATA standards referenced; membership unverified,https://insightaccess.nl/wat-we-doen/rope-access/,https://insightaccess.nl/wat-we-doen/rope-access/,Published email spelling inconsistent; use website contact route,2026-10-04,Contractor,Dutch organization / service presence,Primary company page,
NL-ORG-0035,IRAS-Techniek,Netherlands; town not verified,Rope access; inspection; assembly; cleaning; conservation,Own technicians and execution described,Not established in reviewed page,https://iras-techniek.eu/over-ons/,https://iras-techniek.eu/over-ons/,Services confirmed; hiring unverified,2026-10-04,Contractor,Dutch organization / service presence,Primary company page,
NL-ORG-0036,Fervent Services / Fervent Rope Access,Barendrecht,Rope access cleaning; glazing; building maintenance,Own rope access services advertised,Company social profile mentions IRATA/ITRA; not independently verified,info@ferventservices.nl,https://www.ferventropeaccess.nl/rope-access-in-nederland/,Service content verified through indexed primary page and contact page,2026-10-04,Contractor,Dutch organization / service presence,Primary company page,
NL-ORG-0037,TEAM Industrial Services NL / QIS,Roosendaal; Rotterdam; Drachten,Rope access; NDT; industrial inspection,Dutch rope access inspection service advertised,IRATA reference; personnel/member status unverified,https://qis-ndt.nl/nl/rope-access/,https://qis-ndt.nl/nl/rope-access/,QIS included within TEAM; contact email inconsistent across page,2026-10-04,Inspection contractor,Dutch organization / service presence,Primary company page,QIS included within TEAM
NL-ORG-0038,Cocoon Holland BV,Hoofddorp,Rope access; coating; sealing; maintenance,Own staff and freelance technicians with level 3 supervision,IRATA levels 1–3 expressly stated,info@cocoon.eu,https://cocoon.eu/rope-access-solutions/,Services confirmed; L1 hiring not established,2026-10-04,Industrial contractor,Dutch organization / service presence,Primary company page,
NL-ORG-0039,Work Wise Projecten BV,Netherlands; town not verified,Rope access; rigging; welding; maintenance; wind,Project execution and manpower supply both advertised,IRATA certification claim; company/personnel scope unclear,https://www.workwise.eu/,https://www.workwise.eu/ropeaccess,Hybrid delivery model; current jobs unverified,2026-10-04,Contractor / staffing,Dutch organization / service presence,Primary company page,
NL-ORG-0040,OCRE Offshore Services BV,The Hague,Offshore rope access staffing; painting/blasting; rigging,Official brochure describes personnel pool and outsourcing,Not established in reviewed brochure,info@ocre.nl,https://ocre-offshore.com/1-2-ocre-brochure-sector-painting-blasting/,Brochure undated; current RA assignments unverified,2026-10-04,Agency,Dutch organization / service presence,Primary company page,
NL-ORG-0041,Oceanwide,Netherlands; office town not verified,Wind blade service technicians; rope access staffing,Official Netherlands/Belgium blade repair recruitment page,IRATA not explicitly established in reviewed posting,https://oceanwidecrew.com/vacancies/,https://oceanwidecrew.com/vacancies/vacancy/service-technician-blade-repair-netherlands-and-utrecht~2023-00501,Historical/undated posting; experience and Dutch/English required; not a live-vacancy claim,2026-10-04,Agency,Dutch organization / service presence,Primary company page,
NL-ORG-0042,Atlas NextWave,Schiphol headquarters,Rope access recruitment; operations/maintenance,Official career pages advertise rope access roles,IRATA levels appear in UK role; Dutch staffing requirements unknown,https://atlasnextwave.com/contact/,https://atlasnextwave.com/careers/operations-maintenance/,Dutch HQ verified; reviewed RA roles are UK; NL RA placements unverified,2026-10-04,Agency — international roles,Dutch organization / service presence,Primary company page,
NL-ORG-0043,iPS Powerful People,Capelle aan den IJssel headquarters,Rope access staffing; offshore NDT/inspection,Official rope access technician recruitment page,IRATA level III required in reviewed US role,info@ipspowerfulpeople.com,https://ipspowerfulpeople.com/vacancies/oil-gas/2026-01464/rope-access-technician/,Reviewed role is US/TWIC and L3; not evidence of NL or L1 opening,2026-10-04,Agency — international roles,Dutch organization / service presence,Primary company page,
NL-ORG-0044,OEG Subsea Netherlands / Bluestream,Den Helder,Rope access; offshore wind; subsea inspection/maintenance,Official careers page lists Den Helder rope access supervision,IRATA requirements need role-specific follow-up,https://www.careers.oeg.group/disciplines/subsea-services,https://www.careers.oeg.group/disciplines/subsea-services,OEG and former Bluestream combined; vacancy availability unverified,2026-10-04,Offshore contractor,Dutch organization / service presence,Primary company page,Bluestream former brand; one record
NL-ORG-0045,DIRA Group,The Hague,Rope access; maintenance; NDT; rescue; training,IRATA operator/trainer directory entry describes services,IRATA directory 5027/OT; membership recheck advised,https://dira-group.com/,https://irata.org/m/2740/,Company site retrieval failed; authoritative directory supports inclusion,2026-10-04,Contractor / training,Dutch organization / service presence,Authoritative IRATA directory,
NL-ORG-0046,Braspenning Group,Amsterdam,Marine/offshore coating; blasting; rope access,Own personnel capability including rope access advertised,Not established in reviewed page,info@braspenning-group.com,https://www.braspenning-group.com/en/about_us/about_us_sub,Group listed once; hiring unverified,2026-10-04,Industrial contractor,Dutch organization / service presence,Primary company page,
NL-ORG-0047,Ropetech BV,Veenendaal,Rope access; rigging; electrical/telecom work; maintenance,Own executing rope access team explicitly described,Not established in reviewed page,info@ropetech.nl,https://ropetech.nl/pages/rope-access,Dutch business; not foreign similarly named operators,2026-10-04,Contractor / equipment / training,Dutch organization / service presence,Primary company page,
NL-ORG-0048,Rope Access Group BV,Hendrik-Ido-Ambacht,Rope access; inspection; standby rescue; offshore/wind,Own operating services and operator directory entry,IRATA directory 5033/O; membership recheck advised,info@ropeaccessgroup.com,https://www.ropeaccessgroup.com/,Possible predecessor relationship with Rope Access Nederland remains unresolved,2026-10-04,Contractor,Dutch organization / service presence,Primary company page,Rope Access Nederland possible predecessor; latter held in leads
NL-ORG-0049,SkyPeople,Gorinchem,Rope access; rigging; welding; NDT; mechanical/E&I,Own technical rope access project services described,IRATA experts stated; membership unverified,info@sky-people.nl,https://sky-people.nl/,Services confirmed; hiring unverified,2026-10-04,Contractor,Dutch organization / service presence,Primary company page,
NL-ORG-0050,Bilfinger / Height Specialists,Netherlands; Bergschenhoek training location,Industrial rope access; installation; inspection; insulation; rescue,Official indexed Dutch service page describes own technicians,IRATA company claim; register not independently checked,https://www.bilfinger.com/nl/nl/over-ons/bilfinger-in-nederland/rope-access/,https://www.bilfinger.com/nl/nl/over-ons/bilfinger-in-nederland/rope-access/,Direct retrieval failed; indexed primary evidence retained; brands combined,2026-10-04,Industrial contractor,Dutch organization / service presence,Indexed primary page; direct retrieval failed,Height Specialists included; do not count brand separately
NL-ORG-0051,Redak Service & Maintenance BV,Alkmaar,Commercial rope access; wind blade services; maintenance,Own rope access services and operator directory entry,IRATA directory 5115/O; membership recheck advised,mail@redak-services.com,https://redak-services.com/commercial-rope-access,Services confirmed; hiring unverified,2026-10-04,Contractor,Dutch organization / service presence,Primary company page,
NL-ORG-0052,RanaWorks BV,Capelle aan den IJssel,Offshore rope access; wind/oil/gas; diving; ROV,Parent website explicitly describes Dutch rope access operation,IRATA directory 5072/O; cached entry requires fresh status check,https://www.ranaworks.com/,https://www.ranadiving.it/commercial-diving-services/international-presence/saturation-diving-north-sea,Parent primary evidence; contact spelling conflicts avoided,2026-10-04,Offshore contractor,Dutch organization / service presence,Primary company page,
NL-ORG-0053,FØN Energy Services NL / C-Ventus,IJmuiden,Rope access; offshore installation support; maintenance,Official service page and Dutch office advertise delivery,Not established in reviewed page,https://c-ventus.com/,https://c-ventus.com/installation-support,Renamed operation recorded once; current jobs unverified,2026-10-04,Offshore contractor,Dutch organization / service presence,Primary company page,C-Ventus former brand; one record
NL-ORG-0054,Building Up,Maassluis registered location,Facade inspection; repair; property maintenance,Own rope access property care services advertised,Not established in reviewed page,onderhoud@building-up.nl,https://www.buildinguppropertycare.com/,Amsterdam project locations are not treated as headquarters,2026-10-04,Contractor,Dutch organization / service presence,Primary company page,
NL-ORG-0055,VLR Group BV,Breda,Rope access; flare maintenance; lifting; rigging,Company-published profile/posts describe rope access execution,Not established in reviewed sources,https://nl.linkedin.com/company/vlr-group-bv,https://nl.linkedin.com/company/vlr-group-bv,Company website failed; company-authored social evidence retained,2026-10-04,Industrial contractor,Dutch organization / service presence,Company-authored social evidence,
NL-ORG-0056,Muehlhan BV Netherlands,Netherlands; office town not verified,Rope access; industrial coating; access/scaffolding,Company-authored announcement describes Dutch operator capability,Company claims IRATA 5124/O; independent register check outstanding,https://www.muehlhan.com/,https://www.linkedin.com/posts/muehlhan-_irata-certified-were-proud-to-announce-activity-7289584565701021696-yZn6,Company social evidence; do not infer Muehlhan Wind Service is same Dutch employer,2026-10-04,Industrial contractor,Dutch organization / service presence,Company-authored social evidence,
NL-ORG-0057,Cuijpers Services BV,Weert,Rope access painting; surface preparation; inspection,Own rope access painting execution described,IRATA levels 2 and 3 stated; no L1 hiring claim,info@cuijpers.nl,https://www.cuijpers.nl/services/conserveren/rope-access-painting/,Services confirmed; hiring unverified,2026-10-04,Industrial contractor,Dutch organization / service presence,Primary company page,
NL-ORG-0058,PetroMGroup,Netherlands; town not verified,Offshore rope access NDT inspectors; project staffing,Recruitment/detachment bureau advertises offshore inspectors,IRATA L1 plus NDT level 2 and offshore certification required in reviewed role,recruitment@petromgroup.nl,https://petromgroup.com/offshore-ndo-inspecteurs/,L1 rope qualification alone insufficient; live vacancy status unverified,2026-10-04,Agency / inspection personnel,Dutch organization / service presence,Primary company page,
NL-ORG-0059,Nouvall,Terneuzen,Rope access project leadership; technical staffing,Official client recruitment page describes rope access teams,IRATA L3 role; manages L1/L2 technicians,info@nouvall.com,https://nouvall.com/nl/vacatures/projectleider-rope-access-zeeland-3568,Client identity unverified; no L1 vacancy inferred,2026-10-04,Agency,Dutch organization / service presence,Primary company page,
NL-ORG-0060,BCB Cleaning,Terheijden,Rope access window and facade cleaning,Official indexed homepage advertises own cleaning services,Rope access certification stated; standard unspecified,info@bcbcleaning.nl,https://www.bcbcleaning.nl/,Direct extraction failed; indexed primary evidence retained,2026-10-04,Contractor,Dutch organization / service presence,Indexed primary page; direct retrieval failed,
NL-ORG-0061,MISTRAS Netherlands,Dutch country site; local RA team not verified,Rope access; NDT; welding; maintenance; blade services,Country site describes global rope access delivery,Not established in reviewed country service page,https://www.mistrasgroup.com/netherlands/,https://www.mistrasgroup.com/netherlands/field-services/access/rope-access/,Global service capability does not establish Dutch RA team,2026-10-04,International provider — local delivery unverified,NL presence; Dutch RA delivery unverified,Primary company page,
NL-ORG-0062,Griesemann Gruppe,Emmen group office; RA division in Germany,Industrial rope access; inspection; installation; maintenance,Group describes own climbers and NL office,IRATA personnel claim; dated membership text is not current verification,https://griesemann.com/nl/carriere/,https://griesemann.com/nl/hoogtetechniek/,Dutch group presence verified; Dutch RA team not established; use careers route,2026-10-04,International provider — local delivery unverified,NL presence; Dutch RA delivery unverified,Primary company page,
NL-ORG-0063,Swire Renewable Energy,Netherlands project at Middenmeer; international employer,Wind blade repair; rope access,Official project recruitment specifies NL deployment,IRATA L3 and L2/L1 team specified; GWO/experience required,https://jobs.swire-re.com/,https://jobs.swire-re.com/o/blade-repair-technicians-summer-project-opportunity,Undated June–August project; not a current October vacancy or Dutch HQ claim,2026-10-04,International provider — NL project evidenced,NL project only,Primary company page,
